https://github.com/halide/Halide,"a language for fast, portable data-parallel computation"
https://github.com/davdar/parsing-with-derivatives-haskell,The original parsing with derivatives haskell implementation
https://github.com/davdar/maam,A monadic approach to static analysis following the methodology of AAM
https://github.com/slavapestov/factor,Factor programming language - Github mirror of official GIT repo
https://github.com/fennecdjay/Gwion,:musical_note: strongly-timed musical programming language
https://github.com/dendronhq/dendron,The personal knowledge management (PKM) tool that grows as you do!
https://github.com/schollz/howmanypeoplearearound,Count the number of people around you :family_man_man_boy: by monitoring wifi signals :satellite:
https://github.com/schollz/ingredients,Extract recipe ingredients from any recipe website on the internet.
https://github.com/mxrch/GHunt,üïµÔ∏è‚Äç‚ôÇÔ∏è Investigate Google Accounts with emails. 
https://github.com/prajwal1121/Portable-Synth,OP-1 style portable DAW based around Teensy 4.1
https://github.com/nobiot/org-transclusion,(prototype) Emacs package to enable transclusion with Org Mode
https://github.com/gregdetre/emacs-freex,Emacs Freex mode is a minor mode for organizing and editing a massively-hyperlinked database of your notes and ideas. It's a personal wiki on steroids.
https://github.com/unisonweb/unison,A friendly programming language from the future
https://github.com/HackMIT/playground,A new kind of virtual event platform üêß
https://github.com/ritz078/reference,An online tool to help you sketch human figures.
https://github.com/thesephist/schrift,"A more experimental runtime for Ink, focused on perf and instrumentation"
https://github.com/darlinghq/darling,Darwin/macOS emulation layer for Linux
https://github.com/tommythorn/Reduceron,"FPGA Haskell machine with game changing performance. Reduceron is Matthew Naylor, Colin Runciman and Jason Reich's high performance FPGA softcore for running lazy functional programs, including hardware garbage collection.  Reduceron has been implemented on various FPGAs with clock frequency ranging from 60 to 150 MHz depending on the FPGA.  A high degree of parallelism allows Reduceron to implement graph evaluation very efficiently. This fork aims to continue development on this, with a view to practical applications. Comments, questions, etc are welcome."
https://github.com/Sainan/Universal-Bypass,Don't waste your time with compliance. Universal Bypass circumvents annoying link shorteners.
https://github.com/progfolio/wikinforg,Org mode wikinfo integration
https://github.com/thesephist/mira,"A place for notes, but for the people I keep in touch with"
https://github.com/abdelhai/mira,"A place for notes, but for the people I keep in touch with"
https://github.com/google/eleventy-high-performance-blog,A high performance blog template for the 11ty static site generator.
https://github.com/modfy/modfy.video,A video transcoder and converter built use Web Assembly and FFMPEG to transcode and convert videos right in your browser while protecting your privacy
https://github.com/crsnbrt/keysim,design and test virtual 3d keyboards.
https://github.com/bendy/DenotationalSemantics,The denotational semantics of a simple imperative language in the style of Software Foundations.
https://github.com/jmathai/elodie,"An EXIF-based photo assistant, organizer, manager and workflow automation tool."
https://github.com/Genivia/ugrep,"üîçNEW ugrep v3: ultra fast grep with interactive query UI and fuzzy search: search file systems, source code, text, binary files, archives (cpio/tar/pax/zip), compressed files (gz/Z/bz2/lzma/xz/lz4), documents and more. A faster, user-friendly and compatible grep replacement."
https://github.com/rems-project/sail,Sail architecture definition language
https://github.com/mcnuttandrew/cssql,"""Esoteric"" ""Programming"" ""Language"" transpiler for converting SQL to CSS "
https://github.com/rvizzz/rotate,Create recursive image rotation animations
https://github.com/phillipberndt/autorandr,Auto-detect the connected display hardware and load the appropriate X11 setup using xrandr
https://github.com/cachix/cachix,Command line client for Nix binary cache hosting:
https://github.com/alpaca-lang/alpaca,Functional programming inspired by ML for the Erlang VM
https://github.com/bazqux/bazqux-urweb,Ur/Web part of BazQux Reader sources
https://github.com/vizziv/UrLib,Useful Ur/Web functions.
https://github.com/goldfirere/effects,A Haskell translation of Idris's original algebraic effects library
https://github.com/factor/factor,Factor programming language
https://github.com/0install/0install,the core 0install package
https://github.com/aigagror/discriminator-style-transfer,Performs style transfer by defining the style loss as the Wasserstein distance between the distribution of the the style image features and the generated image features.
https://github.com/controversial/wikipedia-map,A web app for visualizing the connections between Wikipedia pages.
https://github.com/varnishcache/varnish-cache,Varnish Cache source code repository
https://github.com/howonlee/audible-cos,Audible NP-Complete Problem
https://github.com/uwplse/pumpkin-pi,An extension to PUMPKIN PATCH with support for proof repair across type equivalences.
https://github.com/johnwmillr/Facer,Simple (ü§û) face averaging (üôÇ) in Python (üêç)
https://github.com/veggiedefender/open-and-shut,Type in Morse code by repeatedly slamming your laptop shut
https://github.com/plamere/spotipy,A light weight Python library for the Spotify Web API
https://github.com/karlicoss/orger,Tool to convert data into searchable and interactive org-mode views
https://github.com/grz0zrg/fas,C Pixels-based graphical audio synthesizer implemented as a WebSocket server
https://github.com/Theldus/wsServer,wsServer - a tiny WebSocket server library written in C
https://github.com/NeuroTechX/eeg-notebooks,A collection of classic EEG experiments implemented with Python and Jupyter notebooks
https://github.com/nikitavoloboev/knowledge,Everything I know
https://github.com/Mic92/nix-update,Swiss-knife for updating nix packages.
https://github.com/Mic92/dotfiles,
https://github.com/turbomaze/28-hour-day,Quick calculator to experiment with a 28 hour day.
https://github.com/karpathy/micrograd,A tiny scalar-valued autograd engine and a neural net library on top of it with PyTorch-like API
https://github.com/scandum/wolfsort,Wolfsort is a stable adaptive hybrid radix / merge sort.
https://github.com/akkartik/mu,Soul of a tiny new machine. More thorough tests ‚Üí More comprehensible and rewrite-friendly software ‚Üí More resilient society.
https://github.com/stargate/stargate,An open source API framework for data
https://github.com/Roenbaeck/anchor,Anchor Modeler is a database modeling tool for creating database models that handles temporalization using the sixth normal form.
https://github.com/rodnaph/lewis,Datomic Web UI
https://github.com/cognitect-labs/REBL-distro,REBL-distro
https://github.com/hundredrabbits/Noodle,"Small, Sharp Sketch Tool"
https://github.com/KasperZutterman/Second-Brain,A curated list of awesome Public Zettelkastens üóÑÔ∏è / Second Brains üß† / Digital Gardens üå±
https://github.com/crisrojas/Zettels,Zettels Hugo Theme
https://github.com/MaggieAppleton/digital-gardeners,"Resources, links, projects, and ideas for gardeners tending their digital notes on the public interwebs"
https://github.com/skeeto/endlessh,SSH tarpit that slowly sends an endless banner
https://github.com/nrdxp/nixflk,highly structured NixOS configuration database
https://github.com/hlissner/doom-emacs-private,My private module for Doom Emacs
https://github.com/rememberYou/.emacs.d,üéâ Personal GNU Emacs configuration
https://github.com/kragen/stoneknifeforth,a tiny self-hosted Forth implementation
https://github.com/kragen/tokthr,tiny token-threaded bytecode interpreter in x86 assembly
https://github.com/monsonite/Z80_Forth,David Husband's Multitasking ZX81  Forth from 1983 - rehashed for experimental Z80 board
https://github.com/karlicoss/promnesia,Another piece of your extended mind
https://github.com/ensc/tk,Various time keeping and tracking utilities
https://github.com/kuzmoyev/google-calendar-simple-api,Pythonic wrapper for the Google Calendar API
https://github.com/ejain/body-temperature,
https://github.com/frnsys/speculating_futures,futures we can feel good about
https://github.com/google/closure-compiler,A JavaScript checker and optimizer.
https://github.com/abcdw/rde,My reproducible development environment
https://github.com/seanbreckenridge/HPI,Human Programming Interface ü§ñ
https://github.com/seanbreckenridge/exobrain,external brain
https://github.com/calmm-js/partial.lenses,"Partial lenses is a comprehensive, high-performance optics library for JavaScript"
https://github.com/8l/ff,A Simple Forth System for Linux on i386 and ARM CPUs
https://github.com/schollz/croc,Easily and securely send things from one computer to another :crocodile: :package:
https://github.com/byungsook/neural-flow-style,Neural Style Transfer for Fluids
https://github.com/gauteh/lieer,Fast email-fetching and sending and two-way tag synchronization between notmuch and GMail
https://github.com/hms-dbmi/viv,Library for multiscale visualization of high-resolution multiplexed tissue data on the web. Directly renders Bio-Formats-compatible Zarr and OME-TIFF.
https://github.com/hundredrabbits/Dotgrid,Minimalist Vector Tool
https://github.com/justinmeiners/lc3-vm,Write your own virtual machine for the LC-3 computer!
https://github.com/cpitclaudel/alectryon,A collection of tools for writing technical documents that mix Coq code and prose.
https://github.com/dreemurrs-embedded/Jumpdrive,Flash/Rescue SD Card image for PinePhone and PineTab
https://github.com/derekantrican/GAS-ICS-Sync,A Google Apps Script for syncing ICS/ICAL files faster than the current Google Calendar speed
https://github.com/lerna/lerna,:dragon: A tool for managing JavaScript projects with multiple packages.
https://github.com/munen/emacs.d,My emacs configuration documented in literate programming style
https://github.com/kickscondor/fraidycat,"Follow blogs, wikis, YouTube channels, as well as accounts on Twitter, Instagram, etc. from a single page."
https://github.com/project-oak/oak-hardware,"Formal specification and verification of hardware, especially for security and privacy."
https://github.com/jsjoeio/joeprevite.com,my digital garden üå±
https://github.com/abhisheknaiidu/awesome-github-profile-readme,üòé A curated list of awesome Github Profile READMEs üìù
https://github.com/snus-kin/japanese-music-graph,Code & Data for the large music graph
https://github.com/Rotonde/rotonde-client,Rotonde Base Client
https://github.com/Rotonde/People,a list of people and their dat urls
https://github.com/nix-community/nixos-generators,Collection of image builders [maintainer=@Lassulus]
https://github.com/serokell/nix-npm-buildpackage,Build nix packages that use npm/yarn
https://github.com/mdnls/inn-design,
https://github.com/aatxe/oxide,The essence of Rust.
https://github.com/facebookresearch/craftassist,A virtual assistant bot in Minecraft
https://github.com/spwhitt/nix-zsh-completions,ZSH Completions for Nix
https://github.com/chisui/zsh-nix-shell,zsh plugin that lets you use zsh in nix-shell shell.
https://github.com/Beluga-lang/Beluga,Contextual types meet mechanized metatheory!
https://github.com/purcell/nix-emacs-ci,Emacs installations for continuous integration
https://github.com/milesmcc/shynet,"Modern, privacy-friendly, and detailed web analytics that works without cookies or JS."
https://github.com/kabbi/wonderland,Inferno clone to conquer the world
https://github.com/sampsyo/ppl-intro,probabilistic programming for PL folks
https://github.com/facebookresearch/dlrm,An implementation of a deep learning recommendation model (DLRM)
https://github.com/cnlohr/noeuclid,Non-euclidean GPU Raytraced Game
https://github.com/mihic/linux-intel-undervolt,Guide to linux undervolting for Haswell and never Intel CPUs
https://github.com/pirate/ArchiveBox,"üóÉ The open source self-hosted web archive. Takes browser history/bookmarks/Pocket/Pinboard/etc., saves HTML, JS, PDFs, media, and more..."
https://github.com/ocharles/papers,A Git annex repository of papers
https://github.com/hwayne/rsl,A turing tarpit with multiple registers!
https://github.com/PavelDoGreat/WebGL-Fluid-Simulation,Play with fluids in your browser (works even on mobile)
https://github.com/KartikChugh/Otto,"Otto makes machine learning an intuitive, natural language experience. üèÜ  Facebook AI Hackathon winner ‚≠êÔ∏è #1 Trending on MadeWithML.com ‚≠êÔ∏è #4 Trending JavaScript Project on GitHub ‚≠êÔ∏è #15 Trending (All Languages) on GitHub"
https://github.com/ottomated/portfolio,
https://github.com/Ralim/ts100,The Feature Packed Alternate Open Source firmware for the TS100 iron by miniware.
https://github.com/alloy-js/sterling,Alloy with browser-based visualizations
https://github.com/EliverLara/Nordic,:snowflake: Dark Gtk3.20+ theme created using the awesome Nord color pallete.
https://github.com/hwayne/awesome-cold-showers,For when people get too hyped up about things
https://github.com/mindedsecurity/behave,"Behave! A monitoring browser extension for pages acting as ""bad boi"""
https://github.com/nullgemm/ly,display manager with console UI
https://github.com/kesiev/rewtro,Papercraft videogame cartridges you can print and pirate with a copy machine.
https://github.com/thumbsup/thumbsup,Generate static HTML photo / video galleries
https://github.com/cassidoo/scrapers,A list of scrapers from around the web.
https://github.com/The-Art-of-Hacking/h4cker,"This repository is primarily maintained by Omar Santos and includes thousands of resources related to ethical hacking  / penetration testing, digital forensics and incident response (DFIR), vulnerability research, exploit development, reverse engineering, and more."
https://github.com/learn-anything/learn-anything,"Organize world's knowledge, explore connections and curate learning paths"
https://github.com/zachcurry/emacs-anywhere,Configurable automation + hooks called with application information
https://github.com/jbmartinez/speed-readerff,a speed reading extension for Firefox based on OpenSpritz
https://github.com/bjascob/LemmInflect,A python module for English lemmatization and inflection.
https://github.com/HumanCompatibleAI/evaluating-rewards,Library to compare and evaluate reward functions
https://github.com/rogeriochaves/feedless,
https://github.com/chubin/pyphoon,:waning_gibbous_moon:  ASCII Art Phase of the Moon (Python version)
https://github.com/fastai/numerical-linear-algebra,Free online textbook of Jupyter notebooks for fast.ai Computational Linear Algebra course
https://github.com/leoneckert/masks-and-hats,a script to create and apply masks and hats to faces
https://github.com/OpenDiablo2/OpenDiablo2,An open source re-implementation of Diablo 2
https://github.com/karlicoss/HPI,Human Programming Interface üßëüëΩü§ñ
https://github.com/vercel/serve,Static file serving and directory listing
https://github.com/schlae/scopetrex,SCOPETREX vector gaming on your oscilloscope!
https://github.com/noocene/mincodec,efficient compact untagged streaming format using unaligned bitstreams
https://github.com/XXIIVV/oscean,Oscean wiki sources
https://github.com/papers-we-love/papers-we-love,Papers from the computer science community to read and discuss.
https://github.com/Yours3lf/rpi-vk-driver,VK driver for the Raspberry Pi (Broadcom Videocore IV)
https://github.com/joeycastillo/The-Open-Book,
https://github.com/bcongdon/corral,üêé A serverless MapReduce framework written for AWS Lambda
https://github.com/merveilles/Time-Travelers,List of artists and hackers using homegrown time-tracking tools
https://github.com/doctorn/trait-eval,"We all know Rust's trait system is Turing complete, so tell me, why aren't we exploiting this???"
https://github.com/lasp-lang/partisan,"High-performance, high-scalability distributed computing with Erlang and Elixir."
https://github.com/mame/quine-relay,An uroboros program with 100+ programming languages
https://github.com/huytd/haskplex-font,
https://github.com/gilbertchen/duplicacy,A new generation cloud backup tool 
https://github.com/wilbowma/cur,A less devious proof assistant
https://github.com/hamler-lang/hamler,Haskell-style functional programming language running on Erlang VM.
https://github.com/meilisearch/MeiliSearch,"Lightning Fast, Ultra Relevant, and Typo-Tolerant Search Engine"
https://github.com/facebookresearch/detr,End-to-End Object Detection with Transformers
https://github.com/MichaelMure/git-bug,"Distributed, offline-first bug tracker embedded in git, with bridges"
https://github.com/Shen-Language/shen-sources,The Official Shen Sources
https://github.com/nmigen/nmigen,A refreshed Python toolbox for building complex digital hardware
https://github.com/nickbjohnson4224/rhombus,a hobby operating system written in C
https://github.com/tree-sitter/tree-sitter,An incremental parsing system for programming tools
https://github.com/alexwennerberg/gourami,"A decentralized social network for the small web, implemented in ActivityPub"
https://github.com/jskjott/git-for-filmmakers,Prototype Git GUI for Filmmaking
https://github.com/dylanaraps/pure-sh-bible,üìñ A collection of pure POSIX sh alternatives to external processes.
https://github.com/jondashkyle/nanocontent,read directories of content into an object
https://github.com/olive-editor/olive,Free open-source non-linear video editor
https://github.com/hundredrabbits/Themes,Simple Theme Framework
https://github.com/commaai/openpilot,openpilot is an open source driver assistance system. openpilot performs the functions of Automated Lane Centering and Adaptive Cruise Control for over 85 supported car makes and models.
https://github.com/traefik/traefik,The Cloud Native Application Proxy
https://github.com/witheve/Eve,Better tools for thought
https://github.com/tulir/gomuks,A terminal based Matrix client written in Go.
https://github.com/gokcehan/lf,Terminal file manager
https://github.com/hundredrabbits/Ronin,Experimental Graphics Terminal
https://github.com/skx/gobasic,A BASIC interpreter written in golang.
https://github.com/abstracthat/dactyl-manuform,
https://github.com/free5gc/free5gc,Open source 5G core network base on 3GPP R15
https://github.com/johnboiles/obs-mac-virtualcam,"Creates a virtual webcam device from the output of OBS. Especially useful for streaming smooth, composited video into Zoom, Hangouts, Jitsi etc. Like CatxFish/obs-virtualcam but for macOS."
https://github.com/jbochi/gifstreaming,"Live video streaming server using animated GIFs, Python and Node.js"
https://github.com/toplap/awesome-livecoding,All things livecoding
https://github.com/joshiemoore/snakeware,A free Linux distro with a Python-based userspace
https://github.com/auxoncorp/modality-probe,A distributed causal tracing system suitable for embedded use.
https://github.com/dys-bigwig/Bidirectional-Lambda-Calculus,
https://github.com/zachgk/catln,A high-level programming language
https://github.com/opencompany/awesome-open-company,A community-curated list of awesome open companies.
https://github.com/pimusicbox/pimusicbox,An image (SD-card) to turn the Raspberry Pi into an easy to use MusicBox with Spotify playback and AirTunes streaming
https://github.com/beetbox/beets,music library manager and MusicBrainz tagger
https://github.com/ralphbean/bugwarrior,"Pull github, bitbucket, and trac issues into taskwarrior"
https://github.com/akshat46/FlyingFox,An opinionated set of configurations for firefox.
https://github.com/windelicato/dotfiles,arch linux configuration files
https://github.com/openai/gpt-3,GPT-3: Language Models are Few-Shot Learners
https://github.com/fpczk/conky-simple,Conky setup for a minimalistic desktop.
https://github.com/AlexAegis/dotfiles,"My dotfiles, utilizing 'pont', my dotmodule manager"
https://github.com/s-ol/themer,Themer is a colorscheme generator and manager for your desktop.
https://github.com/dry-python/returns,"Make your functions return something meaningful, typed, and safe!"
https://github.com/Holmusk/elm-street,:deciduous_tree: Crossing the road between Haskell and Elm
https://github.com/Mini-Conf/Mini-Conf,Run a conference from your backyard.
https://github.com/akiraux/Akira,Native Linux App for UI and UX Design built in Vala and Gtk
https://github.com/sarishinohara/dotfiles,dotfiles
https://github.com/hltcoe/turkle,Django-based clone of Amazon's Mechanical Turk service running in your local environment.
https://github.com/jspenguin2017/uBlockProtector,An anti-adblock defuser for Nano Adblocker and uBlock Origin
https://github.com/Rolstenhouse/unofficial-apis,A collection of unofficial apis. Designed to inspire your next Friday night hack
https://github.com/minimaxir/aitextgen,A robust Python tool for text-based AI training and generation using GPT-2.
https://github.com/JoeyEremondi/haskelm,Haskell to Elm translation using Template Haskell. Contains both a library and executable.
https://github.com/johackim/docker-hacklab,"My personal hacklab, create your own."
https://github.com/Lindenk/dotty,"An advanced dotfile manager based on GNU stow with features such as dependancies, install/remove hooks, and dotfile generation."
https://github.com/learnbyexample/Command-line-text-processing,":zap: From finding text to search and replace, from sorting to beautifying text and more :art:"
https://github.com/achiurizo/consular,Terminal automation
https://github.com/KorySchneider/wikit,Wikipedia summaries from the command line
https://github.com/jonas/tig,Text-mode interface for git
https://github.com/hashicorp/terraform,"Terraform enables you to safely and predictably create, change, and improve infrastructure. It is an open source tool that codifies APIs into declarative configuration files that can be shared amongst team members, treated as code, edited, reviewed, and versioned."
https://github.com/restic/restic,"Fast, secure, efficient backup program"
https://github.com/orakaro/rainbowstream,A smart and nice Twitter client on terminal written in Python.
https://github.com/dalance/procs,A modern replacement for ps written in Rust
https://github.com/neomutt/neomutt,:email: Teaching an Old Dog New Tricks -- IRC: #neomutt on irc.freenode.net
https://github.com/imager-io/imager,Automated image compression for efficiently distributing images on the web.
https://github.com/sharkdp/hyperfine,A command-line benchmarking tool
https://github.com/sharkdp/hexyl,A command-line hex viewer
https://github.com/tomnomnom/gron,Make JSON greppable!
https://github.com/yudai/gotty,Share your terminal as a web application
https://github.com/nvie/gitflow,Git extensions to provide high-level repository operations for Vincent Driessen's branching model.
https://github.com/ogham/exa,A modern replacement for ‚Äòls‚Äô.
https://github.com/bootandy/dust,A more intuitive version of du in rust
https://github.com/caddyserver/caddy,"Fast, multi-platform web server with automatic HTTPS"
https://github.com/browsh-org/browsh,"A fully-modern text-based browser, rendering to TTY and browsers"
https://github.com/bettercap/bettercap,"The Swiss Army knife for 802.11, BLE and Ethernet networks reconnaissance and MITM attacks."
https://github.com/sudar/Arduino-Makefile,"Makefile for Arduino sketches. It defines the workflows for compiling code, flashing it to Arduino and even communicating through Serial."
https://github.com/jugyo/earthquake,Twitter terminal client with streaming API support.
https://github.com/sharkdp/bat,A cat(1) clone with wings.
https://github.com/deepjyoti30/ytmdl,"A simple app to get songs from youtube in mp3 format with artist name, album name etc from itunes, gaana etc."
https://github.com/xero/dotfiles,‚ñí rice ‚ñë‚ñë  custom linux config files
https://github.com/minimaxir/big-list-of-naughty-strings,The Big List of Naughty Strings is a list of strings which have a high probability of causing issues when used as user-input data.
https://github.com/liuchengxu/vim-clap,:clap: Modern performant generic finder and dispatcher for Vim and NeoVim
https://github.com/elm-explorations/webgl,Functional rendering with WebGL in Elm
https://github.com/rtfeldman/elm-spa-example,A Single Page Application written in Elm
https://github.com/u2zv1wx/neut,A dependently-typed programming language with compile-time malloc/free determination
https://github.com/clarete/forbiddenfruit,Patch built-in python objects
https://github.com/purescript-halogen/purescript-halogen,"A declarative, type-safe UI library for PureScript."
https://github.com/google-research/lag,
https://github.com/deezer/spleeter,Deezer source separation library including pretrained models.
https://github.com/AddictedCS/soundfingerprinting,Open source audio fingerprinting in .NET. An efficient algorithm for acoustic fingerprinting written purely in C#.  
https://github.com/chartjs/Chart.js,Simple HTML5 Charts using the <canvas> tag
https://github.com/XXIIVV/webring,Make yourself a website
https://github.com/nix-community/home-manager,Manage a user environment using Nix  [maintainer=@rycee] 
https://github.com/atlas-engineer/nyxt,Nyxt - Be productive.
https://github.com/marian42/wavefunctioncollapse,"Walk through an infinite, procedurally generated city"
https://github.com/casey/just,ü§ñ Just a command runner
https://github.com/hachibu/many-worlds-javascript-interpreter,This is a command line tool that allows you to explore your code in alternate universes.
https://github.com/hundredrabbits/Orca,Esoteric Programming Language
https://github.com/EnterpriseQualityCoding/FizzBuzzEnterpriseEdition,FizzBuzz Enterprise Edition is a no-nonsense implementation of FizzBuzz made by serious businessmen for serious business purposes.
https://github.com/gengjia0214/jai,A LEGO-style PyTorch-based Deep Learning Library for ConvNets Modeling
https://github.com/openai/gym,A toolkit for developing and comparing reinforcement learning algorithms.
https://github.com/jansc/ncgopher,A gopher and gemini client for the modern internet
https://github.com/myusuf3/delorean,Delorean: Time Travel Made Easy
https://github.com/quantumlib/Cirq,"A python framework for creating, editing, and invoking Noisy Intermediate Scale Quantum (NISQ) circuits."
https://github.com/werner-duvaud/muzero-general,MuZero
https://github.com/spacerace/romfont,VGA and BIOS rom font extraction
https://github.com/google/python-fire,Python Fire is a library for automatically generating command line interfaces (CLIs) from absolutely any Python object.
https://github.com/denoland/deno,A secure JavaScript and TypeScript runtime
https://github.com/athas/raytracers,Performance comparison of parallel ray tracing in functional programming languages
https://github.com/SBRG/bigg_models,The BiGG Models website server
https://github.com/zesterer/atto,An insanely simple self-hosted functional programming language
https://github.com/keijiro/Pix2Pix,Real-time pix2pix implementation with Unity
https://github.com/seanbaxter/circle,The compiler is available for download. Get it!
https://github.com/wilbowma/pl-thesaurus,
https://github.com/lampepfl/dotty,Research compiler that will become Scala 3
https://github.com/aditya-grover/node2vec,
https://github.com/benedekrozemberczki/role2vec,"A scalable Gensim implementation of ""Learning Role-based Graph Embeddings"" (IJCAI 2018)."
https://github.com/theseanco/howto_co34pt_liveCode,"A repository of readmes, techniques, notes and other materials about how i live code in SuperCollider. A (sorta) companion repository to co34pt_livecode "
https://github.com/Red5d/docker-autocompose,Generate a docker-compose yaml definition from a running container
https://github.com/pion/ion,Distributed RTC System by pure Go and Flutter
https://github.com/lpereira/lwan,"Experimental, scalable, high performance HTTP server"
https://github.com/git-series/git-series,Track changes to a patch series over time
https://github.com/gruntwork-io/terragrunt,Terragrunt is a thin wrapper for Terraform that provides extra tools for working with multiple Terraform modules.
https://github.com/ksindi/managers-playbook,:book: Heuristics for effective management
https://github.com/tokio-rs/tokio,"A runtime for writing reliable asynchronous applications with Rust. Provides I/O, networking, scheduling, timers, ..."
https://github.com/jayphelps/git-blame-someone-else,Blame someone else for your bad code.
https://github.com/disconcision/depthop,a signed distance field üé¥ raymarcher ‚õìÔ∏è parallelized with openmp
https://github.com/hendrikniemann/purescript-graphql,End to End typesafe GraphQL with PureScript
https://github.com/doctorn/micro-mitten,You might not need your garbage collector
https://github.com/aftertheflood/sparks,A typeface for creating sparklines in text without code.
https://github.com/sandboxnu/create-sandbox-app,Set up a full stack web app in one command. CI/CD hooks + AWS deploy included.
https://github.com/mateodelnorte/meta,"tool for turning many repos into a meta repo. why choose many repos or a monolithic repo, when you can have both with a meta repo?"
https://github.com/michelhe/rustboyadvance-ng,"RustBoyAdvance-NG is a Nintendo‚Ñ¢ Game Boy Advance emulator and debugger, written in the rust programming language."
https://github.com/ajusa/lit,World's smallest responsive üî• css framework (395 bytes) 
https://github.com/blitz-js/blitz,‚ö°Ô∏èThe Fullstack React Framework ‚Äî built on Next.js
https://github.com/GaloisInc/lean-llvm,LLVM support for the lean theorem prover
https://github.com/gigamonkey/monorepoize,Bash scripts for creating a monorepo out of smaller repos.
https://github.com/paruby/snake-face,üêç Play snake using your face!  ‚¨ÖÔ∏èüòÉ‚û°Ô∏è
https://github.com/jspahrsummers/adt,Algebraic data types for Python
https://github.com/luc-tielen/souffle-haskell,Haskell bindings for the Souffle datalog language
https://github.com/FluxML/Zygote.jl,Intimate Affection Auditor
https://github.com/gchp/iota,A terminal-based text editor written in Rust
https://github.com/ajaynagesh/mean-teacher,A state-of-the-art semi-supervised method for image recognition
https://github.com/iscooool/KeyMouse,Simple Vimium like program for Windows applications.
https://github.com/tonsky/FiraCode,Free monospaced font with programming ligatures
https://github.com/overtone/overtone,Collaborative Programmable Music 
https://github.com/kiwanami/emacs-calfw,A calendar framework for Emacs
https://github.com/thma/WhyHaskellMatters,In this article I try to explain why Haskell keeps being such an important language by presenting some of its most important and distinguishing features and detailing them with working code examples.  The presentation aims to be self-contained and does not require any previous knowledge of the language. 
https://github.com/airbnb/visx,üêØ visx | visualization components
https://github.com/googlecreativelab/chrome-music-lab,"A collection of experiments for exploring how music works, all built with the Web Audio API."
https://github.com/graninas/Hydra,"Hydra is a full-fledged framework for building web services, multithreaded and concurrent applications with SQL and KV DB support. It's currently moving to the production-ready state"
https://github.com/Xe/olin,Webassembly + Event Sourcing
https://github.com/lasp-lang/lasp,Prototype implementation of Lasp in Erlang.
https://github.com/NicklasBoto/BruSKI,"""DeBruijn to SKI"" Untyped language that compiles to Unlambda"
https://github.com/pedrotst/coquedille,A Coq to Cedille compiler written in Coq
https://github.com/Storyyeller/IntercalScript,The IntercalScript programming language
https://github.com/agda/agda,Agda is a dependently typed programming language / interactive theorem prover.
https://github.com/georgewhewell/undervolt,Undervolt Intel CPUs under Linux
https://github.com/ezyang/ocaml-cminsketch,Count-min sketch implementation in OCaml
https://github.com/vascofazza/8bit-cpu,Schematics & code for my 74LS-based 8-bit CPU
https://github.com/pmndrs/react-spring,‚úåÔ∏è A spring physics based React animation library
https://github.com/rmculpepper/gamble,Probabilistic Programming
https://github.com/kach/nearley,"üìúüîúüå≤ Simple, fast, powerful parser toolkit for JavaScript."
https://github.com/lexi-lambda/hackett,WIP implementation of a Haskell-like Lisp in Racket
https://github.com/nukeop/nuclear,Streaming music player that finds free music for you
https://github.com/sdothum/dotfiles,
https://github.com/emacsorphanage/god-mode,Minor mode for God-like command entering
https://github.com/adjoint-io/bulletproofs,Bulletproofs are short non-interactive zero-knowledge proofs that require no trusted setup 
https://github.com/NathanReb/ocaml-afl-examples,Small examples of how to use AFL to fuzz OCaml programs
https://github.com/Two9A/jsGB,JavaScript emulation of the GameBoy console
https://github.com/taichi-dev/taichi,"Productive & portable programming language for high-performance, sparse & differentiable computing on GPUs"
https://github.com/tmlabonte/tendies,"TensorFlow Distributed Image Serving - A lightweight, RESTful remote inference library for decoupling deep learning development and deployment. Example usage cases with CycleGAN and Faster R-CNN. Includes tutorial ipynbs."
https://github.com/barak/oaklisp,An object-oriented dialect of Scheme
https://github.com/barak/stalin,"stalin brutally optimizing Scheme compiler, with Debianization patches"
https://github.com/plasma-umass/Stopify,A JS-to-JS compiler that makes it easier to build Web IDEs and compile to JS.
https://github.com/rust-lang/datafrog,A lightweight Datalog engine in Rust
https://github.com/skulpt/skulpt,Skulpt is a Javascript implementation of the Python programming language
https://github.com/dbp/funtal,FunTAL: mixing a functional language with assembly.
https://github.com/sweet-js/sweet-core,Sweeten your JavaScript.
https://github.com/ossu/computer-science,:mortar_board: Path to a free self-taught education in Computer Science!
https://github.com/jasonhemann/microKanren,"The implementation of microKanren, a featherweight relational programming language"
https://github.com/Magentron/chkrootkit,This program locally checks for signs of a rootkit. 'Forked' to fix false-positive for SucKIT rootkit
https://github.com/Timvde/UserChrome-Tweaks,A community maintained repository of userChrome.css tweaks for Firefox
https://github.com/shosca/lightdm-webkit-archlinux-theme,lightdm webkit theme for Archlinux
https://github.com/lptstr/lcharmap,The Windows `charmap` utility for Linux
https://github.com/replit/clui,CLUI is a collection of JavaScript libraries for building command-line interfaces with context-aware autocomplete.
https://github.com/achlipala/frapapp,Web application for course on Formal Reasoning About Programs
https://github.com/amitozdeol/awesome-dev-websites,üìÑ A curated list of awesome developer's personal websites
https://github.com/DimitarPetrov/stegify,"üîç Go tool for LSB steganography, capable of hiding any file within an image."
https://github.com/manateelazycat/emacs-application-framework,Emacs application framework
https://github.com/mit-frap/spring20,"Problem Sets for MIT 6.822 Formal Reasoning About Programs, Spring 2020"
https://github.com/PLSysSec/rlbox_sandboxing_api,Implementation of the RLBox sandboxing API
https://github.com/tathougies/hos,The functional Haskell kernel
https://github.com/sandboxnu/searchneu,"Search over Classes, Professors and Employees at NEU!"
https://github.com/facebook/Haxl,"A Haskell library that simplifies access to remote data, such as databases or web-based services. "
https://github.com/idris-lang/Idris-dev,A Dependently Typed Functional Programming Language
https://github.com/probmods/webppl,Probabilistic programming for the web
https://github.com/atom/node-spellchecker,SpellChecker Node Module
https://github.com/legesher/legesher-translations,Home of all the translations for spoken languages into programming language
https://github.com/hasura/graphql-engine,"Blazing fast, instant realtime GraphQL APIs on Postgres with fine grained access control, also trigger webhooks on database events."
https://github.com/takikawa/drracket-vim-tool,Vim-like editing for DrRacket
https://github.com/LeifAndersen/nanopasstutorial,
https://github.com/bennn/zordoz,Manipulating racket bytecode
https://github.com/pyca/bcrypt,Modern(-ish) password hashing for your software and your servers
https://github.com/vasilisp/inez,A Constraint Solver
https://github.com/aalhour/Assembler.hack,:pager: 16-bit machine code assembler for the Hack Assembly Language (nand2tetris)
https://github.com/chr15m/flk,A LISP that runs wherever Bash is
https://github.com/markledwich2/Recfluence,An analysis of YouTube's political influence through recommendations. 
https://github.com/orhun/pkgtop,Interactive package manager and resource monitor designed for the GNU/Linux.
https://github.com/vyzo/gerbil,Gerbil Scheme
https://github.com/jwiegley/category-theory,An axiom-free formalization of category theory in Coq for personal study and practical work
https://github.com/gallais/generic-syntax,"A Scope-and-Type Safe Universe of Syntaxes with Binding, Their Semantics and Proofs"
https://github.com/evhub/minecraft-deep-learning,Deep reinforcement learning in Minecraft using gym-minecraft and keras-rl.
https://github.com/evhub/coconut,"Simple, elegant, Pythonic functional programming."
https://github.com/iitalics/Opal,Simple and powerful programming language with type inference
https://github.com/reactorlabs/rir,
https://github.com/jasonmayes/Real-Time-Person-Removal,Removing people from complex backgrounds in real time using TensorFlow.js in the web browser
https://github.com/openstenoproject/plover,Open source stenotype engine
https://github.com/slavfox/Cozette,A bitmap programming font optimized for coziness üíú
https://github.com/mat-sz/pongloader,üèì Pong in 512 bytes. (boot sector)
https://github.com/nanocaml/nanocaml,Nanopass for OCaml
https://github.com/fare/gerbil-utils,Collection of Utilities for Gerbil Scheme
https://github.com/marcpaq/b1fipl,A Bestiary of Single-File Implementations of Programming Languages
https://github.com/urweb/urweb,The Ur/Web programming language
https://github.com/hsgw/plaid,12x4 ortholinear usb keyboard made by Through Hole components ONLY.
https://github.com/quchen/articles,Miscellaneous articles. The readme is the table of contents.
https://github.com/ninja-build/ninja,a small build system with a focus on speed
https://github.com/Z3Prover/z3,The Z3 Theorem Prover
https://github.com/cedille/cedille,"Cedille, a dependently typed programming languages based on the Calculus of Dependent Lambda Eliminations"
https://github.com/crypto-agda/protocols,Shallow embedding of Protocols using Agda dependent types
https://github.com/adam-mcdaniel/free,An esoteric programming language with an unusual compiler backend
https://github.com/macarthur-lab/seqr, web-based analysis tool for rare disease genomics
https://github.com/karetsu/xmonad-aloysius,Aloy :heart: XMonad
https://github.com/neiladit/Windows-Hacks,"This repository contains registry scripts, batch files and some knowledge to help you make your Windows do awesome stuff (at least by my standards)."
https://github.com/hmemcpy/milewski-ctfp-pdf,Bartosz Milewski's 'Category Theory for Programmers' unofficial PDF and LaTeX source
https://github.com/jcubic/jquery.terminal,jQuery Terminal Emulator - library for creating web based terminals
https://github.com/xtermjs/xterm.js,A terminal for the web
https://github.com/nitin42/terminal-in-react,üë®‚Äçüíª  A component that renders a terminal
https://github.com/hwayne/lets-prove-leftpad,Proving leftpad correct in a dozen different ways
https://github.com/froyotam/ferrite-core,Ferrite Core by Froyo Tam
https://github.com/NiklasFauth/hoverboard-firmware-hack,New Hoverboard Firmware Hack. Now written from scratch and generally much better.
https://github.com/zzh8829/zihao,Zihao's Personal Website
https://github.com/chiphuyen/machine-learning-systems-design,A booklet on machine learning systems design with exercises
https://github.com/artagnon/clayoven,"üíé beautiful website generator for math, code, and articles"
https://github.com/openwall/john,"John the Ripper jumbo - advanced offline password cracker, which supports hundreds of hash and cipher types, and runs on many operating systems, CPUs, GPUs, and even some FPGAs"
https://github.com/brownplt/pyret-lang,The Pyret language.
https://github.com/wimmers/munta,Fully verified model checker for realtime systems
https://github.com/aepsilon/turing-machine-viz,Visualize Turing machines and deterministic finite automata. üîµüîÅüî¥‚Ü©Ô∏è
https://github.com/gridsome/gridsome,‚ö°Ô∏è The Jamstack framework for Vue.js
https://github.com/facebookresearch/Hanabi_SPARTA,"Research code implementing the search AI agent for Hanabi, as well as a web server so people can play against it"
https://github.com/gfredericks/quinedb,QuineDB is a quine that is also a key-value store.
https://github.com/OpenMined/PySyft,A library for answering questions using data you cannot see
https://github.com/google/deepdream,
https://github.com/koursaros-ai/nboost,"NBoost is a scalable, search-api-boosting platform for deploying transformer models to improve the relevance of search results on different platforms (i.e. Elasticsearch)"
https://github.com/ziglang/zig,"General-purpose programming language and toolchain for maintaining robust, optimal, and reusable software."
https://github.com/charlescearl/DeepRacket,A simple starting point for doing deep learning in Racket
https://github.com/thesofakillers/GPTrue-or-False,A browser extension that displays the GPT-2 Log Probability of selected text
https://github.com/strib/scigen,An automatic paper generator
https://github.com/kitschpatrol/Brain,Arduino library for reading Neurosky EEG brainwave data. (Tested with the MindFlex and Force Trainer toys.)
https://github.com/evvo-labs/evvo,Solve multi-objective optimization problems with distributed evolutionary algorithms
https://github.com/s1gh/ctf-literature,"Collection of free books, papers and articles related to CTF challenges."
https://github.com/stewartmcgown/uds,Unlimited Drive Storage by splitting binary files into base64
https://github.com/huggingface/transformers,ü§óTransformers: State-of-the-art Natural Language Processing for Pytorch and TensorFlow 2.0.
https://github.com/una-dinosauria/human-motion-prediction,Simple baselines and RNNs for predicting human motion in tensorflow. Presented at CVPR 17.
https://github.com/harshibar/common-intern,A selenium script to automatically apply to software engineering internships!
https://github.com/xoreaxeaxeax/movfuscator,The single instruction C compiler
https://github.com/ARMmbed/littlefs,A little fail-safe filesystem designed for microcontrollers
https://github.com/jaintj95/Math_by_Richard_Feynman,A repo of curated links to Math lectures by Prof. Richard Feynman
https://github.com/cloudhead/rx,üëæ Modern and minimalist pixel editor
https://github.com/mit-pdos/noria,"Fast web applications through dynamic, partially-stateful dataflow"
https://github.com/elenapan/dotfiles,There is no place like ~/
https://github.com/zmohling/dotfiles,"My dotfiles for Arch-based Linux. Vim, i3-gaps, Rofi, Polybar, Dunst, Wpgtk..."
https://github.com/sostenesfreitas/my-dots-file,i3 - polybar
https://github.com/aalhour/awesome-compilers,":sunglasses: Curated list of awesome resources on Compilers, Interpreters and Runtimes"
https://github.com/NationalSecurityAgency/ghidra,Ghidra is a software reverse engineering (SRE) framework
